locationData_longitude,locationData_latitude,locationData_velocity,locationData_altitude,locationData_timestamp,breakData,pedalWeight_R,pedalWeight_L,timestamp,phoneAcceleration_timestamp,phoneAcceleration_x,phoneAcceleration_y,phoneAcceleration_z,phoneBattery,phoneMotionData_roll,phoneMotionData_rotationMatrix_m3.2,phoneMotionData_rotationMatrix_m2.2,phoneMotionData_rotationMatrix_m2.3,phoneMotionData_rotationMatrix_m1.1,phoneMotionData_rotationMatrix_m3.1,phoneMotionData_rotationMatrix_m2.1,phoneMotionData_rotationMatrix_m1.3,phoneMotionData_rotationMatrix_m1.2,phoneMotionData_rotationMatrix_m3.3,phoneMotionData_yaw,phoneMotionData_quaternion_z,phoneMotionData_quaternion_y,phoneMotionData_quaternion_w,phoneMotionData_quaternion_x,phoneMotionData_rotationRate_z,phoneMotionData_rotationRate_x,phoneMotionData_rotationRate_y,phoneMotionData_userAccel_y,phoneMotionData_userAccel_x,phoneMotionData_userAccel_z,phoneMotionData_magneticField_y,phoneMotionData_magneticField_x,phoneMotionData_magneticField_accuracy,phoneMotionData_magneticField_z,phoneMotionData_pitch,phoneMotionData_timestamp
17.944994693952168,59.40783019835355,-1.0,24.34673500061035,2024-04-10 02:24:33 +0000,0.0,0.0,0.0,0.7421029806137085,139679.76723629166,0.009307861328125,-0.233612060546875,-1.0067138671875,0.75,0.03949069708142455,-0.2548908293247223,0.9642282724380493,0.25268641114234924,0.9966174364089966,0.01844637840986252,0.08008411526679993,-0.03819922357797623,-0.07276368141174316,0.9667938947677612,-0.08286495430146532,-0.03856233904361386,0.01429125499609064,0.990913697888324,0.1280578825953988,-0.23630522191524506,0.5230292081832886,-0.02817193791270256,0.016449838876724243,-0.028631962835788727,-0.03535759449005127,0.0,0.0,-1,0.0,0.25545576711775736,139679.77221129168
17.944994693952168,59.40783019835355,-1.0,24.34673500061035,2024-04-10 02:24:33 +0000,1037.0,1038.0,1036.0,1.2420040369033813,139680.26471029167,-0.1635894775390625,-0.1523590087890625,-0.8839874267578125,0.75,-0.02914288085249912,-0.10501652956008911,0.9553098678588867,0.11749155819416046,0.9606289863586426,-0.060109399259090424,0.27125418186187744,0.02893693558871746,-0.2763233780860901,0.992652177810669,-0.27666187258031105,-0.13848587644947333,-0.02252039194741776,0.9885078842920458,0.056273726382923855,-0.3207123577594757,0.05382990837097168,-0.09584606438875198,-0.026459865272045135,-0.1201109066605568,0.11545497179031372,0.0,0.0,-1,0.0,0.11776356406354264,139680.26968529169
17.944994693952168,59.40783019835355,-1.0,24.34673500061035,2024-04-10 02:24:33 +0000,1037.0,1038.0,1036.0,1.7413370609283447,139680.772134375,0.02178955078125,-0.1879730224609375,-0.988739013671875,0.75,-0.030239977994802266,-0.23570044338703156,0.9402937889099121,0.2502259314060211,0.9689428210258484,-0.0889676883816719,0.23072613775730133,0.0292735043913126,-0.24554605782032013,0.9677448272705078,-0.2406225519765407,-0.12094234439535666,-0.03002561970616176,0.984502522112264,0.12339388230108439,-0.6739403605461121,0.7785597443580627,-1.3980793952941895,0.06353461742401123,0.05646467208862305,-0.024671554565429688,0.0,0.0,-1,0.0,0.2529135855159985,139680.772134375
17.944994693952168,59.40783019835355,-1.0,24.34673500061035,2024-04-10 02:24:33 +0000,1037.0,1038.0,1036.0,2.240591049194336,139681.269608375,-0.004058837890625,-0.186798095703125,-0.9562835693359375,0.75,-0.04229089587109106,-0.18646524846553802,0.9357869029045105,0.20795314013957977,0.9532871246337891,-0.10092262923717499,0.2847073972225189,0.04135403409600258,-0.29922154545783997,0.9772642254829407,-0.29534568823051427,-0.14848416096026976,-0.03617876798838576,0.9831503071031035,0.10029452812150037,0.3116493821144104,-0.326693594455719,-0.01767955720424652,0.01998010277748108,0.039324622601270676,0.023193180561065674,0.0,0.0,-1,0.0,0.20948188588322678,139681.269608375
17.944994693952168,59.40783019835355,-1.0,24.34673500061035,2024-04-10 02:24:33 +0000,1037.0,1038.0,1036.0,2.739806056022644,139681.7670829167,0.053680419921875,-0.18609619140625,-0.9835968017578125,0.75,0.051906339832799464,-0.17058800160884857,0.9771867394447327,0.1653120070695877,0.9906441569328308,0.029087532311677933,0.13333436846733093,-0.05116919055581093,-0.1265142261981964,0.9849129915237427,-0.13560972764735452,-0.06534931750783729,0.020183761186873164,0.994075434170412,0.08447548223021191,0.1781572699546814,-0.0008959873812273145,0.20448042452335358,-0.020952031016349792,0.008309561759233475,0.001972377300262451,0.0,0.0,-1,0.0,0.16607436902021613,139681.7670829167
17.944994693952168,59.40783019835355,-1.0,24.34673500061035,2024-04-10 02:24:33 +0000,1037.0,1038.0,1036.0,3.2395730018615723,139682.26455791667,-0.0331268310546875,-0.0610504150390625,-0.901214599609375,0.75,0.0056600391452345826,-0.18806612491607666,0.9391354918479919,0.19471877813339233,0.9577648639678955,-0.05076766014099121,0.2830354571342468,-0.005551671609282494,-0.2874988913536072,0.9808434247970581,-0.29272118473645387,-0.14486458594986484,-0.011480808870029032,0.9845993721817038,0.09719306324819134,-0.7454051971435547,-0.18186169862747192,-1.086565375328064,0.13327163457870483,-0.039014190435409546,0.0783013105392456,0.0,0.0,-1,0.0,0.19597073757848268,139682.26953191668
17.944994693952168,59.40783019835355,-1.0,24.34673500061035,2024-04-10 02:24:33 +0000,1037.0,1038.0,1036.0,3.739760994911194,139682.76203179167,-0.1678619384765625,-0.0865631103515625,-0.8866424560546875,0.75,-0.13721241100328477,-0.004883520305156708,0.572662889957428,0.20012181997299194,0.5567823052406311,-0.24080075323581696,0.7949895858764648,0.1340153068304062,-0.8197764158248901,0.9705622792243958,-0.9465493872886005,-0.45856220590292385,-0.10644047431433123,0.8803419014363555,0.05821753628661031,-1.6873526573181152,-0.5590677261352539,1.0389071702957153,0.11659522354602814,-0.027849912643432617,0.08381301164627075,0.0,0.0,-1,0.0,0.2014822651845881,139682.76700679166
17.944994693952168,59.40783019835355,-1.0,24.34673500061035,2024-04-10 02:24:33 +0000,1037.0,1038.0,1036.0,4.239963054656982,139683.26945679166,-0.0101318359375,-0.005523681640625,-0.887725830078125,0.75,-0.02216789832173155,0.010072021745145321,0.38155168294906616,0.027295168489217758,0.38104090094566345,-0.03368308022618294,0.9239444136619568,0.022157825529575348,-0.9242926239967346,0.9993818402290344,-1.1791681205856566,-0.5560551479363134,-0.016800128871707516,0.8309594426086323,0.005181704913026839,-0.8282939791679382,0.5684931874275208,0.5021710991859436,0.01933007314801216,0.02426355890929699,0.12311536073684692,0.0,0.0,-1,0.0,0.027298559949364986,139683.26945679166
17.944994693952168,59.40783019835355,-1.0,24.34673500061035,2024-04-10 02:24:33 +0000,1037.0,1038.0,1036.0,4.739938020706177,139683.766932375,-0.0135650634765625,-0.1171875,-1.1366119384765625,0.75,-0.09593338825566636,0.13462823629379272,-0.36931976675987244,0.12342309951782227,-0.3814270496368408,-0.07838208228349686,0.9210696816444397,0.09505393356084824,-0.9194987416267395,0.9877912402153015,-1.9521371070135434,-0.8274264080336046,-0.07796806274346822,0.5561123945282471,-0.0050372610435251396,-1.2902408838272095,-0.31524619460105896,0.023639263585209846,0.009485751390457153,0.08580714464187622,-0.152635395526886,0.0,0.0,-1,0.0,0.12373862539409106,139683.771906375
17.944994693952168,59.40783019835355,-1.0,24.311372756958008,2024-04-10 02:24:39 +0000,1037.0,1038.0,1036.0,5.239971995353699,139684.26440837502,-0.1506195068359375,-0.257904052734375,-0.953826904296875,0.75,-0.09583856442506518,0.18821251392364502,-0.8086541891098022,0.1634942889213562,-0.8248838186264038,-0.01478530466556549,0.5651085376739502,0.09440430998802185,-0.5573635101318359,0.9820170402526855,-2.5316550285967914,-0.9507306424814501,-0.09248329253926184,0.295160394105436,-0.02093626878981705,-0.7862111926078796,-0.23343779146671295,-0.007333687506616116,-0.0953405350446701,-0.05421627312898636,0.028464794158935547,0.0,0.0,-1,0.0,0.16423156641279624,139684.269382375
17.944994693952168,59.40783019835355,-1.0,24.311372756958008,2024-04-10 02:24:39 +0000,1037.0,1038.0,1036.0,5.7400699853897095,139684.77183512502,0.130615234375,0.0518646240234375,-1.131683349609375,0.75,-0.02354668799850805,0.109087735414505,-0.9070024490356445,0.1090269535779953,-0.9132391810417175,-0.023119207471609116,0.40676742792129517,0.023404158651828766,-0.4067511558532715,0.9937632083892822,-2.720008115062713,-0.9764738875025066,-0.05584242818587506,0.208279655935452,-7.295382507060436e-05,0.19763398170471191,-0.08815191686153412,0.22648118436336517,0.1581755429506302,0.15357689559459686,-0.13042807579040527,0.0,0.0,-1,0.0,0.10924411825870212,139684.77183512502
17.944994693952168,59.40783019835355,-1.0,24.311372756958008,2024-04-10 02:24:39 +0000,1037.0,1038.0,1036.0,6.240226984024048,139685.269311125,0.0324554443359375,-0.206878662109375,-1.07025146484375,0.75,0.033771761522583876,0.11201345175504684,-0.9459306001663208,0.1281493902206421,-0.9519507884979248,-0.07068681716918945,0.2979811131954193,-0.03348694369196892,-0.30441418290138245,0.9911893606185913,-2.8364193445022594,-0.9860363431641075,-0.06089096742307244,0.15273151095069484,0.026412252505977733,-0.7996448278427124,0.46257415413856506,-0.3668842315673828,-0.07824097573757172,-0.0019622817635536194,-0.07630026340484619,0.0,0.0,-1,0.0,0.1285027483261505,139685.269311125
17.944932756962203,59.40779698552508,4.619999885559082,22.57528305053711,2024-04-10 02:24:40 +0000,1037.0,1038.0,1036.0,6.740234017372131,139685.76678825,-0.2328033447265625,-0.1736907958984375,-0.9328765869140625,0.75,-0.05493205653680738,0.1869608759880066,-0.964282751083374,0.20014357566833496,-0.9807659983634949,0.08942496031522751,-0.17349837720394135,0.0537935271859169,0.1876293271780014,0.9782887101173401,2.963572560723916,-0.9903708221234917,-0.09771704761603561,-0.09115972299929226,-0.03615274509720019,-1.191598653793335,-0.1661219745874405,-0.17517510056495667,0.02903154492378235,-0.1770261824131012,0.04605299234390259,0.0,0.0,-1,0.0,0.20150445760645486,139685.77176225002
17.944932756962203,59.40779698552508,4.619999885559082,22.57528305053711,2024-04-10 02:24:40 +0000,1037.0,1038.0,1036.0,7.240388989448547,139686.26426525,0.1511993408203125,-0.058380126953125,-1.1174468994140625,0.75,0.005709018318809468,0.1196606233716011,-0.8240348696708679,0.13998223841190338,-0.8326585292816162,0.07285819947719574,-0.5489732027053833,-0.005652774125337601,0.5537580251693726,0.9901378750801086,2.553912236193447,-0.954833928976909,-0.06798116109928459,-0.2887233003324825,-0.01759610371528518,-0.30152690410614014,-0.13580776751041412,-0.27748632431030273,0.08085447549819946,0.1442190408706665,-0.13319891691207886,0.0,0.0,-1,0.0,0.1404434867418484,139686.26924025
17.944928985105776,59.4078176469164,3.759999990463257,22.62960433959961,2024-04-10 02:24:41 +0000,1037.0,1038.0,1036.0,7.7398340702056885,139686.7716945,-0.0245819091796875,-0.1260986328125,-1.0750732421875,0.75,-0.019880380270941373,0.07827970385551453,-0.6932400465011597,0.1322682648897171,-0.6973673105239868,0.10842253267765045,-0.7084651589393616,0.019704412668943405,0.7164426445960999,0.9910180568695068,2.3453330680618985,-0.9194598312481542,-0.05724773635295972,-0.38743069763379645,-0.03483755951594606,-0.6114055514335632,0.13967473804950714,-0.3983854651451111,0.00682578980922699,-0.0059608835726976395,-0.08289551734924316,0.0,0.0,-1,0.0,0.13265700615526213,139686.7716945
17.944928985105776,59.4078176469164,3.759999990463257,22.62960433959961,2024-04-10 02:24:41 +0000,1037.0,1038.0,1036.0,8.240390062332153,139687.2691725,-0.09869384765625,-0.271392822265625,-0.8789825439453125,0.75,-0.04598690370451863,0.0559152215719223,-0.5034225583076477,0.18636514246463776,-0.5045006275177002,0.18342670798301697,-0.843702495098114,0.04516531527042389,0.8622292876243591,0.981441855430603,2.108772902351419,-0.8644889998271909,-0.07006461485599934,-0.49333530943378423,-0.06610611144252185,-0.38972893357276917,-0.2607596814632416,-0.184340700507164,-0.08603474497795105,-0.0531928576529026,0.09655416011810303,0.0,0.0,-1,0.0,0.18746115813736994,139687.2691725
17.945048678683065,59.40791726583559,1.8600000143051147,22.65499496459961,2024-04-10 02:24:42 +0000,1037.0,1038.0,1036.0,8.740640997886658,139687.7666510417,0.0684051513671875,-0.237640380859375,-0.900115966796875,0.75,-0.0002494776288919325,0.1613382250070572,-0.5272282958030701,0.292962908744812,-0.551361620426178,0.24453486502170563,-0.7976235151290894,0.00023852288722991943,0.8342664241790771,0.9561237692832947,2.1548648944077633,-0.8710214946215121,-0.13039320004588154,-0.46838393751780466,-0.07025469129130377,0.07588573545217514,0.11383947730064392,0.4023975133895874,0.05404078960418701,0.07038316875696182,0.05435985326766968,0.0,0.0,-1,0.0,0.2973242370984307,139687.77162604168
17.945048678683065,59.40791726583559,1.8600000143051147,22.65499496459961,2024-04-10 02:24:42 +0000,1037.0,1038.0,1036.0,9.240738034248352,139688.26413004167,-0.0453643798828125,-0.5141754150390625,-0.736602783203125,0.75,0.054281667721972585,0.2744132876396179,-0.3571047782897949,0.5340400338172913,-0.4480205178260803,0.46043479442596436,-0.7663400769233704,-0.04587040841579437,0.8928455710411072,0.8442139029502869,2.0068655379110476,-0.8138395524047388,-0.24834543215840313,-0.5096783808011766,-0.12734831760804233,-0.33726808428764343,-1.0297651290893555,-0.25967690348625183,0.015668511390686035,-0.09262334555387497,0.10512393712997437,0.0,0.0,-1,0.0,0.5633719083138262,139688.26910504166
17.94516325929942,59.40797941764761,0.7599999904632568,22.07644271850586,2024-04-10 02:24:43 +0000,1037.0,1038.0,1036.0,9.740736961364746,139688.77155975002,0.225433349609375,-0.4835968017578125,-0.59979248046875,0.75,0.1427586529800953,0.2698090672492981,-0.21038322150707245,0.5354349613189697,-0.32034239172935486,0.4778413772583008,-0.8179535865783691,-0.12016145884990692,0.9396498203277588,0.8359848260879517,1.8225462468682885,-0.7692058224504542,-0.2617128003980162,-0.5712396276982725,-0.11624975074807407,-2.14105486869812,-0.7113146185874939,2.1370089054107666,0.0630534291267395,0.1525435745716095,0.23220980167388916,0.0,0.0,-1,0.0,0.5650226531033161,139688.77155975002
17.94516325929942,59.40797941764761,0.7599999904632568,22.07644271850586,2024-04-10 02:24:43 +0000,1037.0,1038.0,1036.0,10.240767002105713,139689.26903975,0.12176513671875,-0.541107177734375,-0.64013671875,0.75,0.06140943339664475,0.3785306215286255,-0.3895226716995239,0.64214026927948,-0.5411099791526794,0.5208378434181213,-0.6602483987808228,-0.047046124935150146,0.839634895324707,0.7651421427726746,2.1038035663734656,-0.820940742209,-0.31082354899284703,-0.45675749289129736,-0.14428317211385075,0.20727850496768951,0.16901317238807678,0.07202769815921783,0.10400861501693726,0.06818825751543045,0.12283867597579956,0.0,0.0,-1,0.0,0.6972869580532006,139689.26903975
17.945135179923795,59.40797975292374,0.9700000286102295,21.64730453491211,2024-04-10 02:24:44 +0000,1037.0,1038.0,1036.0,10.740731954574585,139689.76652016668,0.0341949462890625,-0.6726531982421875,-0.63104248046875,0.75,0.14765616287668779,0.3891342282295227,-0.24353668093681335,0.7220866084098816,-0.44763463735580444,0.6167190074920654,-0.6475191116333008,-0.10177814960479736,0.8884056806564331,0.6842749714851379,1.9305374900766796,-0.7706241601746691,-0.3604937537269519,-0.49827298260230857,-0.1670531802847176,-0.5814499258995056,1.1660120487213135,0.5872223377227783,0.05259197950363159,-0.06273093819618225,0.061685800552368164,0.0,0.0,-1,0.0,0.8068137182815424,139689.77149516667
17.945135179923795,59.40797975292374,0.9700000286102295,21.64730453491211,2024-04-10 02:24:44 +0000,1037.0,1038.0,1036.0,11.240305066108704,139690.26400116668,0.2756500244140625,-0.876434326171875,-0.809112548828125,0.75,0.22143802109886174,0.4374682903289795,-0.19480611383914948,0.768500804901123,-0.4577975869178772,0.647274374961853,-0.609472393989563,-0.1405317485332489,0.8778790235519409,0.6242253184318542,1.8801643724754533,-0.7544582782573431,-0.3996142506183269,-0.4928541357818643,-0.16791606689279553,0.015516257844865322,-0.30940574407577515,0.6576240658760071,-0.1050494909286499,0.1412827968597412,-0.18326979875564575,0.0,0.0,-1,0.0,0.8764948133920888,139690.26897616667
17.94510567562463,59.408015292193184,0.8999999761581421,21.67690658569336,2024-04-10 02:24:45 +0000,1037.0,1038.0,1036.0,11.739354968070984,139690.77143287502,0.12457275390625,-0.6717987060546875,-0.6624298095703125,0.75,0.14693331465386408,0.44250527024269104,-0.26823145151138306,0.7587623596191406,-0.5085909366607666,0.6237015724182129,-0.5935749411582947,-0.09536358714103699,0.8557105660438538,0.6443488001823425,1.9952221862423456,-0.7780056766438702,-0.386008640554008,-0.4657053130476068,-0.1697731658726792,-0.3495655357837677,-0.38681402802467346,-0.17139440774917603,0.0931282639503479,0.03319169580936432,-0.017501235008239746,0.0,0.0,-1,0.0,0.8614109392565155,139690.77143287502
17.94510567562463,59.408015292193184,0.8999999761581421,21.67690658569336,2024-04-10 02:24:45 +0000,1037.0,1038.0,1036.0,12.243301033973694,139691.26891487502,0.137451171875,-0.7403411865234375,-0.6033935546875,0.75,0.0824886969668697,0.37529730796813965,-0.2695430517196655,0.7449058294296265,-0.4587806463241577,0.6458006501197815,-0.6102964282035828,-0.05497157573699951,0.8868474364280701,0.6649010181427002,1.9866923871979068,-0.7735025288663588,-0.36205543635745385,-0.48388460899649566,-0.19095900534010662,0.4844911992549896,0.7720175981521606,0.023215707391500473,0.00946277379989624,0.08394443988800049,0.0660240650177002,0.0,0.0,-1,0.0,0.8403936941880487,139691.273889875
17.9453939292747,59.40803586976547,0.8999999761581421,21.55636215209961,2024-04-10 02:24:46 +0000,1037.0,1038.0,1036.0,12.741322040557861,139691.776346375,0.337066650390625,-0.658203125,-0.8019561767578125,0.75,-0.26779242311864665,0.7833625674247742,-0.5807182192802429,0.8140957951545715,-0.962952733039856,0.26964303851127625,-0.003732047975063324,0.15366315841674805,0.2216053605079651,0.5600317716598511,3.135166140042098,-0.8808664552851665,-0.4533769877931968,-0.06395333668987666,-0.12013915108944866,2.0427048206329346,0.0328390896320343,2.02008318901062,0.1531156301498413,0.48647260665893555,-0.24264156818389893,0.0,0.0,-1,0.0,0.9511704173059726,139691.776346375
17.9453939292747,59.40803586976547,0.8999999761581421,21.55636215209961,2024-04-10 02:24:46 +0000,1037.0,1038.0,1036.0,13.237953066825867,139692.27382937502,-0.0771331787109375,-0.8348236083984375,-0.9904327392578125,0.75,-0.29365256332062806,0.5582046508789062,-0.2758786678314209,0.7446826696395874,-0.5919300317764282,-0.5294148921966553,0.6077319979667664,0.19318456947803497,-0.7824947237968445,0.6388484239578247,-1.9969284633034405,-0.7916212953586569,-0.411461706162645,0.4390441519213305,0.10618408547259528,1.1344808340072632,-0.4700465202331543,1.3600577116012573,-0.09720563888549805,0.11228248476982117,-0.3606480360031128,0.0,0.0,-1,0.0,0.8400593029164363,139692.27382937502
17.945334417762183,59.40803716896046,0.8999999761581421,21.07155990600586,2024-04-10 02:24:47 +0000,1037.0,1038.0,1036.0,13.736332058906555,139692.771312375,-0.17401123046875,-0.77679443359375,-0.509735107421875,0.75,-0.19957447955182966,0.09138619899749756,0.10212909430265427,0.7227645516395569,0.0031291544437408447,-0.7299377918243408,0.6835065484046936,0.13701102137565613,-0.9905646443367004,0.6773768663406372,-1.4224743193139648,-0.6269207787129126,-0.3246625480271988,0.6675768706275723,0.23644405359783785,0.1962452530860901,-0.18486592173576355,0.9408488273620605,-0.05869901180267334,-0.03396366536617279,0.1699763536453247,0.0,0.0,-1,0.0,0.8077942574208251,139692.771312375
17.945334417762183,59.40803716896046,0.8999999761581421,21.07155990600586,2024-04-10 02:24:47 +0000,1037.0,1038.0,1036.0,14.233981013298035,139693.26879637502,0.17681884765625,-0.7021484375,-0.760284423828125,0.75,0.17355724776263598,-0.41618919372558594,0.3048359155654907,0.6518161296844482,0.49898627400398254,-0.5184611082077026,0.6944140791893005,-0.1309620440006256,-0.8566573262214661,0.7469837665557861,-1.1571418833248597,-0.48558251745601194,-0.12131146735006175,0.7985622084779138,0.3343525938509473,1.0597808361053467,0.2120315283536911,0.39296892285346985,-0.04387784004211426,0.030903220176696777,0.005101382732391357,0.0,0.0,-1,0.0,0.7099767605546069,139693.26879637502
17.945332573743485,59.40805196301956,0.8700000047683716,21.14468002319336,2024-04-10 02:24:48 +0000,1037.0,1038.0,1036.0,14.732890963554382,139693.7662802917,0.262542724609375,-0.886688232421875,-0.464691162109375,0.75,0.4470846110177516,-0.6448193192481995,0.19218716025352478,0.8059013485908508,0.6222614049911499,-0.5469951033592224,0.5599884986877441,-0.2559659481048584,-0.7397785186767578,0.533858060836792,-1.240193706154771,-0.42409006882329314,-0.09495745139652143,0.7662093323331031,0.47334347476833605,0.5271466970443726,0.10413386672735214,-0.8526344299316406,-0.0959540605545044,0.013672113418579102,0.06941103935241699,0.0,0.0,-1,0.0,0.9371964010739158,139693.77125529168
17.945332573743485,59.40805196301956,0.8700000047683716,21.14468002319336,2024-04-10 02:24:48 +0000,1037.0,1038.0,1036.0,15.231868028640747,139694.2637652917,0.1744232177734375,-0.7817535400390625,-0.5906829833984375,0.75,0.3308198650201868,-0.46457433700561523,0.19202929735183716,0.6367790699005127,0.43586620688438416,-0.5023779273033142,0.7467510104179382,-0.25045013427734375,-0.8644624352455139,0.7292373180389404,-1.3190968170718067,-0.5247241821379245,-0.08204536855872904,0.7676477982708128,0.3586779811065302,0.37703925371170044,0.12296972423791885,0.30654287338256836,-0.14376890659332275,-0.07849884033203125,0.1327560544013977,0.0,0.0,-1,0.0,0.6903137155980722,139694.26874029168
17.945287227647327,59.40804253337849,0.8700000047683716,21.07485580444336,2024-04-10 02:24:49 +0000,1037.0,1038.0,1036.0,15.730682015419006,139694.77120062502,0.0636749267578125,-0.532440185546875,-0.6177520751953125,0.75,0.16335726771133674,-0.5139286518096924,0.48259150981903076,0.630244255065918,0.6935949325561523,-0.3860420286655426,0.6081920862197876,-0.126266747713089,-0.7092127799987793,0.7660605907440186,-0.900040361985647,-0.3840163228821256,-0.07572307749127209,0.8576489892659566,0.33352017461655026,-0.08759091049432755,0.25430354475975037,0.24918542802333832,0.09655290842056274,-0.06198146939277649,0.15105509757995605,0.0,0.0,-1,0.0,0.6818678002573884,139694.77120062502
17.945287227647327,59.40804253337849,0.8700000047683716,21.07485580444336,2024-04-10 02:24:49 +0000,1037.0,1038.0,1036.0,16.229851007461548,139695.26868562502,0.1659698486328125,-0.67279052734375,-0.7341766357421875,0.75,0.31458725218248157,-0.5533406734466553,0.349972665309906,0.641035795211792,0.6101369261741638,-0.4014233946800232,0.683075487613678,-0.2374863177537918,-0.755865752696991,0.7298446893692017,-1.0973188164978223,-0.43867274151616686,-0.04997752439436152,0.820053939993676,0.3641152182905657,0.13308434188365936,0.020543022081255913,-0.003995563834905624,-0.029618442058563232,-0.06707616150379181,-0.0055525898933410645,0.0,0.0,-1,0.0,0.6958470557549626,139695.26868562502
17.945290077494406,59.408057369347105,0.7900000214576721,21.17647933959961,2024-04-10 02:24:50 +0000,1037.0,1038.0,1036.0,16.72914206981659,139695.76617204168,0.180450439453125,-0.8976287841796875,-0.64056396484375,0.75,0.30954141320675144,-0.6659035682678223,0.4309563934803009,0.721260666847229,0.7646108269691467,-0.3482968211174011,0.5422725677490234,-0.2110005021095276,-0.6089737415313721,0.6597437262535095,-0.8992814938147444,-0.3406524926539028,-0.04062582686109073,0.8448832558343407,0.41046033574554824,0.02708444744348526,0.08450743556022644,1.3344132900238037,-0.16707545518875122,-0.03755386173725128,0.025969862937927246,0.0,0.0,-1,0.0,0.805620685310958,139695.77114704167
17.945290077494406,59.408057369347105,0.7900000214576721,21.17647933959961,2024-04-10 02:24:50 +0000,1037.0,1038.0,1036.0,17.22828996181488,139696.2636580417,0.335540771484375,-0.810699462890625,-0.591766357421875,0.75,0.3904726833313882,-0.7272903919219971,0.4659048914909363,0.7180886268615723,0.8220999240875244,-0.23847515881061554,0.5169925093650818,-0.264896959066391,-0.5039655566215515,0.6435667872428894,-0.837327996445934,-0.2981450940073263,0.007715823668074285,0.856091607757906,0.42208655415350177,0.21980932354927063,0.11082786321640015,-0.09693918377161026,-0.09375518560409546,0.07816636562347412,0.05277705192565918,0.0,0.0,-1,0.0,0.8010520205454402,139696.26863304168
17.945293622644105,59.40806422653943,0.790000021457666,21.176479464396834,2024-04-10 02:24:51 +0000,1037.0,1038.0,1036.0,17.7277410030365,139696.77109362502,-0.1189422607421875,-0.76702880859375,-0.5352020263671875,0.75,0.06407104040158046,-0.6936836242675781,0.5820271372795105,0.7525366544723511,0.9045301079750061,-0.29477500915527344,0.30811190605163574,-0.04216514527797699,-0.424319863319397,0.6571990847587585,-0.4868722510935244,-0.20654408951194256,-0.07123540914252217,0.8865320260892019,0.4078308087986831,-0.014770150184631348,-0.14054745435714722,0.050531040877103806,-0.01333242654800415,-0.154927596449852,0.12073063850402832,0.0,0.0,-1,0.0,0.8519055205841835,139696.77109362502
17.945293622644105,59.40806422653943,0.790000021457666,21.176479464396834,2024-04-10 02:24:51 +0000,1037.0,1038.0,1036.0,18.22733998298645,139697.268580625,-0.10064697265625,-0.6208648681640625,-0.60443115234375,0.75,-0.01843340335166829,-0.6816291213035583,0.7312313914299011,0.6820574402809143,0.9995678663253784,-0.02767377533018589,0.009912099689245224,0.013479558750987053,-0.026122577488422394,0.7311743497848511,-0.01355452104110482,-0.009683419872753738,-0.011058931432408282,0.9303189501521495,0.36645672052155986,-0.39470526576042175,0.29442098736763,0.8940067887306213,0.05957514047622681,-0.0722443163394928,0.13826358318328857,0.0,0.0,-1,0.0,0.750572362442282,139697.268580625
17.945098887244722,59.40795469302698,0.7099999785423233,21.116298789158463,2024-04-10 02:24:52 +0000,1037.0,1038.0,1036.0,18.726407051086426,139697.766069,0.134490966796875,-0.7012481689453125,-0.735076904296875,0.75,0.16690460288074513,-0.609419584274292,0.7697286605834961,0.5946916341781616,0.9726437330245972,-0.01022525504231453,0.23207683861255646,-0.13356149196624756,-0.19006721675395966,0.7927819490432739,-0.2928366920834617,-0.11226036829871763,0.03279868786535904,0.940100317589548,0.32020815072291603,-0.9717192053794861,-0.5311631560325623,-0.5301211476325989,-0.10844862461090088,0.0062700361013412476,0.0487634539604187,0.0,0.0,-1,0.0,0.636881968804385,139697.77104400002
17.945098887244722,59.40795469302698,0.7099999785423233,21.116298789158463,2024-04-10 02:24:52 +0000,1037.0,1038.0,1036.0,19.22580099105835,139698.263557,0.060760498046875,-0.511566162109375,-0.8502197265625,0.75,0.256550280782329,-0.539402186870575,0.4728417992591858,0.5893613696098328,0.6873950362205505,-0.3137105405330658,0.6550372838973999,-0.20499305427074432,-0.6967538595199585,0.7814288139343262,-0.945552787789033,-0.3940786704864461,-0.03169368116400643,0.8575642603683532,0.32906093653294993,-1.378273367881775,0.1473482996225357,-0.6684944033622742,0.07875657081604004,-0.13596227765083313,-0.06006288528442383,0.0,0.0,-1,0.0,0.6302681443615763,139698.268531
17.94505813547234,59.40797002515578,0.7900000214576659,21.83321774378419,2024-04-10 02:24:53 +0000,1037.0,1038.0,1036.0,19.7251980304718,139698.77099429167,0.125244140625,-0.4986724853515625,-0.8475189208984375,0.75,0.2491847392911865,-0.30852794647216797,0.10212646424770355,0.5414504408836365,0.25026172399520874,-0.49088436365127563,0.8345068097114563,-0.20733642578125,-0.9457170367240906,0.8147656321525574,-1.4490224528549047,-0.6046440072759012,-0.09630562340920502,0.7360627898396072,0.2886908519340213,-0.30393457412719727,0.12414247542619705,-0.680874764919281,0.046958863735198975,-0.0836639255285263,-0.026970207691192627,0.0,0.0,-1,0.0,0.5721613432338144,139698.77099429167
17.94505813547234,59.40797002515578,0.7900000214576659,21.83321774378419,2024-04-10 02:24:53 +0000,1037.0,1038.0,1036.0,20.22476303577423,139699.26848229166,0.2852630615234375,-0.43505859375,-1.051116943359375,0.75,0.12186866537024821,0.12562012672424316,-0.42032936215400696,0.4863044023513794,-0.42564496397972107,-0.4816587269306183,0.7660489678382874,-0.10622414946556091,-0.8986337780952454,0.8673087358474731,-2.0726391882821424,-0.8236023122668846,-0.18574636775531658,0.5053054015652423,0.17844865165611437,-1.6094715595245361,0.22558429837226868,-1.2319509983062744,0.05550307035446167,0.1902236044406891,-0.19285666942596436,0.0,0.0,-1,0.0,0.5078553694625537,139699.26848229166
17.94509013983803,59.408149133730966,0.2599999904632566,21.902309498749673,2024-04-10 02:24:54 +0000,1037.0,1038.0,1036.0,20.724215030670166,139699.76597162502,0.096343994140625,-0.5633544921875,-0.61773681640625,0.75,0.12241801933393247,0.4627153277397156,-0.8580077290534973,0.4932243824005127,-0.9690194725990295,-0.20111879706382751,0.14336149394512177,-0.10622590780258179,-0.22297386825084686,0.8633919954299927,-2.976035518024719,-0.960523172221015,-0.24880703785327907,0.09534787013807124,0.07999408913708371,-1.3874106407165527,-0.24763521552085876,-0.6789618134498596,-0.07316654920578003,-0.010095544159412384,0.24116909503936768,0.0,0.0,-1,0.0,0.5157924785132797,139699.770946625
17.94509013983803,59.408149133730966,0.2599999904632566,21.902309498749673,2024-04-10 02:24:54 +0000,1037.0,1038.0,1036.0,21.223587036132812,139700.26346062502,0.0845794677734375,-0.3369140625,-0.8947906494140625,0.75,0.1489436110103175,0.49357494711875916,-0.8344911932945251,0.47607365250587463,-0.9607090950012207,0.007722713053226471,-0.2774505019187927,-0.13049808144569397,0.24496668577194214,0.8696690201759338,2.8206114893923164,-0.9571924024104722,-0.253253308652121,-0.13644518531928632,0.03206653134251467,-0.9079190492630005,0.11200886219739914,-0.4206142723560333,0.13575690984725952,-0.04240909218788147,-0.021642684936523438,0.0,0.0,-1,0.0,0.4961844971700268,139700.268435625
17.945004839346872,59.40811794427244,0.38999998569488453,21.481899347156286,2024-04-10 02:24:55 +0000,1037.0,1038.0,1036.0,21.723162055015564,139700.77090054168,-0.0258941650390625,-0.49029541015625,-0.855865478515625,0.75,0.1480066804419988,0.36459803581237793,-0.40953055024147034,0.5013410449028015,-0.5332601070404053,0.36700379848480225,-0.7621954679489136,-0.1275956928730011,0.8362733125686646,0.8557899594306946,2.063839791662282,-0.8364479446553917,-0.25881440243812154,-0.477755010457354,-0.07155499396313825,-1.2208980321884155,0.45142605900764465,-0.9528456926345825,0.008589029312133789,-0.1628435254096985,-0.00298994779586792,0.0,0.0,-1,0.0,0.5251479960520355,139700.77090054168
17.945004839346872,59.40811794427244,0.38999998569488453,21.481899347156286,2024-04-10 02:24:55 +0000,1037.0,1038.0,1036.0,22.222337007522583,139701.26839054166,0.1892852783203125,-0.621185302734375,-0.84649658203125,0.75,0.14545601225555177,0.07960864901542664,0.10824567079544067,0.513994574546814,0.050953514873981476,0.5227917432785034,-0.8509360551834106,-0.12433169782161713,0.9909313917160034,0.8487350344657898,1.4442681306371088,-0.6499107390895233,-0.22834026376612263,-0.708507820065331,-0.15327491184668723,-0.36907050013542175,-0.018304508179426193,-0.38562822341918945,-0.10683977603912354,0.07041618973016739,-0.00903773307800293,0.0,0.0,-1,0.0,0.5398350743535902,139701.26839054166
17.945060411365127,59.408115010604796,0.3899999856948845,21.530605401843786,2024-04-10 02:24:56 +0000,1037.0,1038.0,1036.0,22.721034049987793,139701.76588075,0.0016326904296875,-0.642364501953125,-0.720947265625,0.75,-0.29791566770777583,-0.17202724516391754,-0.14590273797512054,0.6399610638618469,0.002916540950536728,0.6563758850097656,-0.7544283270835876,0.22554929554462433,0.9742273688316345,0.7345592975616455,1.7618330557012627,-0.6851177846492403,-0.17074940632164184,-0.6307877702437747,-0.3218151696979479,1.3180733919143677,0.5904362797737122,-0.5134285092353821,-0.004539608955383301,0.22245177626609802,0.006211519241333008,0.0,0.0,-1,0.0,0.6944475839211418,139701.77085575002
17.945060411365127,59.408115010604796,0.3899999856948845,21.530605401843786,2024-04-10 02:24:56 +0000,1037.0,1038.0,1036.0,23.221081018447876,139702.26337175,-0.489013671875,-0.534454345703125,-0.6868743896484375,0.75,-0.5802446521196184,-0.03738817572593689,-0.5664705038070679,0.5956333875656128,-0.35827744007110596,0.7398008704185486,-0.5695013403892517,0.440368115901947,0.8232333064079285,0.6717862486839294,2.353526509837786,-0.8056882707964153,-0.17321997142600365,-0.43215679085414255,-0.36619900099526886,0.7546080946922302,0.06694043427705765,0.5790521502494812,0.05684560537338257,-0.04219108819961548,-0.020016729831695557,0.0,0.0,-1,0.0,0.6380539196033637,139702.26834675
17.945119909516496,59.40811988224255,0.47999998927116255,21.45498285163194,2024-04-10 02:24:57 +0000,1037.0,1038.0,1036.0,23.72083306312561,139702.770812875,0.0269012451171875,-0.5615997314453125,-0.8614501953125,0.75,-0.16287918090237405,0.4785747230052948,-0.6651902794837952,0.6474946737289429,-0.810086727142334,0.4533066749572754,-0.37184998393058777,0.12357722222805023,0.5731387734413147,0.7519835829734802,2.6318560487107128,-0.8982288915891384,-0.31341382366070475,-0.2630144589537713,-0.16056150071499026,0.1909434199333191,0.08992762118577957,1.211287021636963,0.08522361516952515,0.15482720732688904,-0.10948193073272705,0.0,0.0,-1,0.0,0.7042923269589849,139702.770812875
17.945119909516496,59.40811988224255,0.47999998927116255,21.45498285163194,2024-04-10 02:24:57 +0000,1037.0,1038.0,1036.0,24.22052502632141,139703.268303875,0.0933074951171875,-0.63824462890625,-0.8713226318359375,0.75,0.14845882200496707,0.5636078715324402,-0.6765509247779846,0.5844534039497375,-0.8723357915878296,0.1957986056804657,-0.44798743724823,-0.1200215294957161,0.47394585609436035,0.8025017380714417,2.556714018614502,-0.9153399025109586,-0.31356146126815004,-0.251800803002189,-0.020696429681689436,-1.4056545495986938,-0.7704282402992249,0.39269354939460754,-0.0491066575050354,-0.011684134602546692,-0.06470102071762085,0.0,0.0,-1,0.0,0.6242062540522807,139703.268303875
17.945176754163526,59.4080713671257,0.47999998927116394,21.28945549018681,2024-04-10 02:24:58 +0000,1037.0,1038.0,1036.0,24.719735026359558,139703.76579504166,0.1530609130859375,-0.5159759521484375,-0.7090911865234375,0.75,0.27509616313719565,0.4559704065322876,-0.3771423399448395,0.5036104917526245,-0.5432050824165344,0.3174715042114258,-0.7772646546363831,-0.23467771708965302,0.8061357140541077,0.8314462304115295,2.02254808940651,-0.8294265562349642,-0.2892302273513657,-0.47725756342250525,-0.024955133980310344,-1.0954347848892212,0.03836638107895851,-0.40879300236701965,-0.014837324619293213,-0.0770086944103241,0.12066131830215454,0.0,0.0,-1,0.0,0.5277728818133182,139703.77077004168
17.945176754163526,59.4080713671257,0.47999998927116394,21.28945549018681,2024-04-10 02:24:58 +0000,1037.0,1038.0,1036.0,25.219460010528564,139704.2632870417,0.08392333984375,-0.507537841796875,-0.87835693359375,0.75,0.08457500121766812,0.29428693652153015,-0.33391091227531433,0.5459535121917725,-0.4394227862358093,0.46526268124580383,-0.7683998942375183,-0.07077381014823914,0.8954880833625793,0.8348208665847778,1.980730973620572,-0.8074890805788216,-0.2601398739669216,-0.5151425412003481,-0.12213442513382201,0.24382998049259186,0.12348298728466034,0.05572628974914551,0.04195570945739746,0.014232881367206573,-0.03912627696990967,0.0,0.0,-1,0.0,0.5775267619771967,139704.26826204167
17.945151653631093,59.408075247825934,0.8100000023841792,21.262111789546907,2024-04-10 02:24:59 +0000,1037.0,1038.0,1036.0,25.718536019325256,139704.77072979166,0.12786865234375,-0.5355072021484375,-0.914825439453125,0.75,0.16653663115431955,0.1912333220243454,-0.048886384814977646,0.47070229053497314,-0.13254928588867188,0.4542919993400574,-0.8809366226196289,-0.1462557166814804,0.9803264141082764,0.8700854182243347,1.6262332019514216,-0.7161566214665213,-0.23107222996955115,-0.649740238486943,-0.10753105022003434,-1.069632649421692,0.5170585513114929,0.18902131915092468,-0.05751115083694458,-0.021820321679115295,-0.026704132556915283,0.0,0.0,-1,0.0,0.49008662159944105,139704.77072979166
17.945151653631093,59.408075247825934,0.8100000023841792,21.262111789546907,2024-04-10 02:24:59 +0000,1037.0,1038.0,1036.0,26.223245978355408,139705.26822279167,0.417510986328125,-0.464447021484375,-0.974456787109375,0.75,0.242265943113551,0.11075901985168457,0.2506295144557953,0.4411352276802063,0.16949687898159027,0.47821152210235596,-0.8617335557937622,-0.21529871225357056,0.9617263078689575,0.8712325692176819,1.2877610479168138,-0.6023093244902885,-0.2290742531260723,-0.7568618252525247,-0.10912698233224429,-0.12486022710800171,-0.17401407659053802,-0.11784063279628754,-0.0209009051322937,0.20949067175388336,-0.10552829504013062,0.0,0.0,-1,0.0,0.45686322384106015,139705.27319779168
17.945038246568053,59.40783984207451,0.8100000023841794,21.302333955653012,2024-04-10 02:25:00 +0000,1037.0,1038.0,1036.0,26.721665024757385,139705.77566541667,0.118438720703125,-0.3411865234375,-0.75201416015625,0.75,0.34778970181817304,0.28848880529403687,0.1031588539481163,0.458443820476532,-0.04606524109840393,0.4676435589790344,-0.8827160596847534,-0.30289530754089355,0.9519100189208984,0.8355140686035156,1.4544587443347847,-0.6667871467440052,-0.28004911979340985,-0.6878604776530158,-0.06176943121543882,-0.26862189173698425,0.18699736893177032,0.015495230443775654,0.11882895231246948,-0.17835313081741333,0.08137893676757812,0.0,0.0,-1,0.0,0.47624336406000367,139705.77566541667
17.945038246568053,59.40783984207451,0.8100000023841794,21.302333955653012,2024-04-10 02:25:00 +0000,1037.0,1038.0,1036.0,27.218806982040405,139706.27315841668,0.2813568115234375,-0.45953369140625,-0.941375732421875,0.75,0.20420121070196784,0.00894986093044281,0.36986255645751953,0.4368736743927002,0.32187747955322266,0.473341166973114,-0.8199654221534729,-0.18240977823734283,0.9290434718132019,0.8808337450027466,1.1470521692003914,-0.5452278751985914,-0.20442073983481132,-0.8019623205961514,-0.13339898089418176,-0.13234974443912506,0.4540795385837555,-0.523459255695343,-0.023026198148727417,0.09725327789783478,-0.05521667003631592,0.0,0.0,-1,0.0,0.452120200923542,139706.27315841668
17.945055727694516,59.40792844335534,0.7400000095367382,22.354152797721326,2024-04-10 02:25:01 +0000,1037.0,1038.0,1036.0,27.717692971229553,139706.7706527917,0.1625823974609375,-0.2403564453125,-0.9574432373046875,0.75,0.025825527850990928,0.056196048855781555,-0.07996208965778351,0.3561639189720154,-0.09470854699611664,0.3525293469429016,-0.9309958219528198,-0.024129316210746765,0.9952125549316406,0.9341118931770325,1.6564749028919221,-0.7260824122951929,-0.14198111994372178,-0.6632196249010665,-0.11307258640008266,1.3616909980773926,0.7450150847434998,0.4904225468635559,0.11969846487045288,0.13878877460956573,-0.01748722791671753,0.0,0.0,-1,0.0,0.3641593580402815,139706.7706527917
17.945055727694516,59.40792844335534,0.7400000095367382,22.354152797721326,2024-04-10 02:25:01 +0000,1037.0,1038.0,1036.0,28.218939065933228,139707.26814679167,-0.071990966796875,-0.422576904296875,-0.9300994873046875,0.75,-0.2895562965374451,0.20967066287994385,-0.7112686634063721,0.4831569194793701,-0.6981193423271179,0.5019692182540894,-0.5105453133583069,0.24998855590820312,0.670921266078949,0.8390858769416809,2.5190230757102627,-0.9011761410625323,-0.19220092502477512,-0.32775682405897016,-0.20860454831428898,0.9065828919410706,0.7090845704078674,0.24724902212619781,0.058001309633255005,0.17459487915039062,-0.09363812208175659,0.0,0.0,-1,0.0,0.5042568310948673,139707.2731217917
17.9452508280685,59.40791349884799,0.6600000262260401,21.95089351106435,2024-04-10 02:25:02 +0000,1037.0,1038.0,1036.0,28.71841597557068,139707.76564025,-0.1047515869140625,-0.4272308349609375,-0.816558837890625,0.75,-0.37791849736475464,0.6159307360649109,-0.7782609462738037,0.5609634518623352,-0.9443270564079285,0.1691640019416809,0.2821882963180542,0.305462121963501,-0.12222756445407867,0.76942378282547,-2.7937476713597,-0.93434627647428,-0.31489775250194285,0.10820823313165259,-0.12699417452848427,1.6596922874450684,0.696786642074585,1.33027184009552,0.13089454174041748,0.20180919766426086,-0.050080060958862305,0.0,0.0,-1,0.0,0.5955491582675662,139707.77061525002
17.9452508280685,59.40791349884799,0.6600000262260401,21.95089351106435,2024-04-10 02:25:02 +0000,1037.0,1038.0,1036.0,29.215409994125366,139708.26313525002,-0.00555419921875,-0.6085968017578125,-0.9220428466796875,0.75,0.05799715581067289,0.057982683181762695,-0.14354375004768372,0.6257414817810059,-0.14806240797042847,-0.624687671661377,0.76670902967453,-0.0452142059803009,-0.9879439473152161,0.7787190079689026,-1.7558743212893844,-0.7194312019343306,-0.23759191026308005,0.609736170570453,0.2327887327851891,1.6021170616149902,-0.09836777299642563,1.6927430629730225,0.014642298221588135,-0.05041741952300072,-0.1377849578857422,0.0,0.0,-1,0.0,0.6760817595078024,139708.26811025
17.94524690129574,59.407868162790315,0.7400000095367382,21.766689418815076,2024-04-10 02:25:03 +0000,1037.0,1038.0,1036.0,29.715011954307556,139708.77057975,0.230499267578125,-0.590118408203125,-0.874969482421875,0.75,0.2586718268724686,-0.33270683884620667,0.13722585141658783,0.5174540281295776,0.2856794595718384,-0.45274364948272705,0.8446362614631653,-0.21888816356658936,-0.9329926371574402,0.8272420167922974,-1.4097361857618418,-0.5925235623605006,-0.07794928495120944,0.7500245326931922,0.28337766629744104,2.597625255584717,-0.23685871064662933,-0.881782591342926,-0.09134113788604736,-0.023163631558418274,-0.05421245098114014,0.0,0.0,-1,0.0,0.5438729374361375,139708.77057975
17.94524690129574,59.407868162790315,0.7400000095367382,21.766689418815076,2024-04-10 02:25:03 +0000,1037.0,1038.0,1036.0,30.21502995491028,139709.26807475,0.2304840087890625,-0.5335540771484375,-0.634796142578125,0.75,0.15022891734397473,-0.3060670495033264,0.2793506383895874,0.5117782950401306,0.39393043518066406,-0.4298518896102905,0.8124321699142456,-0.12857936322689056,-0.9101022481918335,0.8494411706924438,-1.2396154471733882,-0.5422545804590196,-0.09484071753036584,0.7941539669609281,0.25745807328673576,3.6557583808898926,0.3362240493297577,-2.1482436656951904,-0.03514242172241211,0.062201276421546936,0.22390711307525635,0.0,0.0,-1,0.0,0.5372534637442105,139709.26807475
17.94523708339866,59.407960261153725,0.5400000214576702,21.93307123426348,2024-04-10 02:25:04 +0000,1037.0,1038.0,1036.0,30.71454906463623,139709.76557037502,0.4159393310546875,-0.3957061767578125,-0.7573089599609375,0.75,0.19057751973853504,-0.440260648727417,0.4964750409126282,0.5051233768463135,0.6431096792221069,-0.2967272400856018,0.7059481739997864,-0.16348356008529663,-0.7481196522712708,0.8474216461181641,-0.9578763857797878,-0.4206652303199477,-0.038547705651928846,0.8641478823475994,0.273501801397486,0.8981279730796814,-0.0651983767747879,0.7783762812614441,0.10892891883850098,0.25541597604751587,0.08266645669937134,0.0,0.0,-1,0.0,0.5295248993255972,139709.770544375
17.94523708339866,59.407960261153725,0.5400000214576702,21.93307123426348,2024-04-10 02:25:04 +0000,1037.0,1038.0,1036.0,31.214356064796448,139710.263065375,0.211212158203125,-0.5729217529296875,-0.798492431640625,0.75,0.4910273221422795,-0.66684889793396,0.5396600365638733,0.5394560098648071,0.7604488730430603,-0.06295458972454071,0.6463389992713928,-0.39703649282455444,-0.5138866305351257,0.7425289154052734,-0.8751053858910394,-0.33257328861079105,0.09576303002884363,0.8721578372664738,0.345781722249643,-0.9731995463371277,0.34743836522102356,-1.1990844011306763,-0.031787216663360596,-0.18371862173080444,-0.06299781799316406,0.0,0.0,-1,0.0,0.5697909368102839,139710.268040375
17.94521438288692,59.40796825732467,0.6499999761581388,21.567348588258028,2024-04-10 02:25:05 +0000,1037.0,1038.0,1036.0,31.71412205696106,139710.77051212502,0.3170928955078125,-0.5773162841796875,-0.72906494140625,0.75,0.2597679210737652,-0.298897922039032,0.09249899536371231,0.43676096200942993,0.21096526086330414,-0.39345887303352356,0.8948093056678772,-0.2310621440410614,-0.9497914910316467,0.8693963885307312,-1.4677893903730597,-0.6256860717347219,-0.05508475331949568,0.7370312977527119,0.24953449396670768,-0.2719328701496124,0.26348668336868286,-0.9932945370674133,-0.1429661512374878,0.08748036623001099,0.14049935340881348,0.0,0.0,-1,0.0,0.4519949226040659,139710.77051212502
17.94521438288692,59.40796825732467,0.6499999761581388,21.567348588258028,2024-04-10 02:25:05 +0000,1037.0,1038.0,1036.0,32.21405601501465,139711.26800812501,0.0046539306640625,-0.38775634765625,-0.822998046875,0.75,-0.20710345541449446,-0.1651274412870407,0.662921667098999,0.4255673289299011,0.6573489904403687,-0.43412554264068604,0.6159768104553223,0.1860765814781189,-0.7302519083023071,0.885589063167572,-0.7487073172764871,-0.3759382821450604,-0.17319325383941248,0.8952457736009141,0.1649532426749711,0.5273404717445374,0.21336212754249573,1.0273590087890625,0.03478974103927612,0.19713923335075378,0.06248420476913452,0.0,0.0,-1,0.0,0.4395887338792718,139711.26800812501
17.94485190284658,59.40789736054358,0.6499999761581388,21.544521439820528,2024-04-10 02:25:06 +0000,1037.0,1038.0,1036.0,32.713242053985596,139711.76550425,0.2858123779296875,-0.2867584228515625,-0.92974853515625,0.75,0.616192182516357,-0.6499582529067993,0.4161129295825958,0.36453795433044434,0.5531507134437561,-0.007883042097091675,0.8330439925193787,-0.5381635427474976,-0.6359279751777649,0.7599290609359741,-1.1075416120058212,-0.4445968306443591,0.1604938983139125,0.8260134974198039,0.3070459092354826,-2.003842830657959,0.8508517742156982,1.0932124853134155,0.07880190014839172,-0.24095284938812256,-0.15901625156402588,0.0,0.0,-1,0.0,0.3731365864318536,139711.77047925
17.94485190284658,59.40789736054358,0.6499999761581388,21.544521439820528,2024-04-10 02:25:06 +0000,1037.0,1038.0,1036.0,33.21366202831268,139712.26300025,-0.1755218505859375,-0.77508544921875,-0.4782257080078125,0.75,-0.6250496585509681,-0.22229330241680145,0.7229315042495728,0.6144656538963318,0.5991095304489136,-0.7357076406478882,0.3159146308898926,0.4616405665874481,-0.6541833281517029,0.6397812366485596,-0.41198328245870197,-0.281842246236641,-0.3478651560771839,0.8604973358211181,0.2431032918291231,1.872645616531372,0.6808048486709595,0.1269712746143341,-0.1636105179786682,0.2726299464702606,0.15903782844543457,0.0,0.0,-1,0.0,0.6617085071489425,139712.26797525
17.94478860677909,59.407837133066764,2.7000000476834747,22.36440723389387,2024-04-10 02:25:07 +0000,1037.0,1038.0,1036.0,33.7135089635849,139712.770448,0.5413665771484375,-0.4969329833984375,-0.486602783203125,0.75,0.9663934198108202,-0.8004499077796936,0.5504940152168274,0.4267199635505676,0.6244861483573914,0.30846500396728516,0.7175418138504028,-0.7441644668579102,-0.23714150488376617,0.5139349102973938,-0.9163813403024638,-0.29109910082081164,0.3209645498028673,0.8198954494109572,0.3741848507096152,-1.4333069324493408,-0.19728274643421173,0.9052028059959412,-0.07584348320960999,-0.1885462999343872,0.033801913261413574,0.0,0.0,-1,0.0,0.4408628031184587,139712.770448
17.94478860677909,59.407837133066764,2.7000000476834747,22.36440723389387,2024-04-10 02:25:07 +0000,1037.0,1038.0,1036.0,34.21279299259186,139713.267946,0.5110015869140625,-0.292999267578125,-0.9195404052734375,0.75,0.8099713968566455,-0.6959564685821533,-0.09844556450843811,0.33752167224884033,0.1710035800933838,-0.3071972131729126,0.9361558556556702,-0.6817658543586731,-0.7113038897514343,0.649056613445282,-1.6755706059925748,-0.6277934816641495,0.14273596113608789,0.6560516425443484,0.3938249879992697,-0.751958429813385,2.029890298843384,-1.947344422340393,0.04635345935821533,-0.1634858250617981,-0.27185702323913574,0.0,0.0,-1,0.0,0.34428279733597295,139713.267946
17.944904696120513,59.4077631627789,2.7000000476834747,22.605068852193654,2024-04-10 02:25:08 +0000,1037.0,1038.0,1036.0,34.71284997463226,139713.765442375,0.370880126953125,-0.546356201171875,-0.6943206787109375,0.75,-0.6478828355815907,0.09365418553352356,0.4302464723587036,0.7355775833129883,0.163514643907547,-0.8363308906555176,0.5232720375061035,0.4088350236415863,-0.897840142250061,0.5401661396026611,-0.8826507078985568,-0.48641676705314885,-0.42619410334396607,0.7303984249268312,0.2197168781652532,2.8687686920166016,0.6359522938728333,1.1309378147125244,0.18807703256607056,0.7607790231704712,-0.15709954500198364,0.0,0.0,-1,0.0,0.8265189657640201,139713.770417375
17.944904696120513,59.4077631627789,2.7000000476834747,22.605068852193654,2024-04-10 02:25:08 +0000,1037.0,1038.0,1036.0,35.21204698085785,139714.26294037502,0.087982177734375,-0.442138671875,-1.0964813232421875,0.75,0.5544637120827995,-0.5539679527282715,0.7012051343917847,0.31737884879112244,0.7411485314369202,0.20764589309692383,0.6384214758872986,-0.4992673993110657,-0.44881051778793335,0.806227445602417,-0.7385659043550316,-0.3016097496000916,0.19610529226567924,0.9011910426580437,0.24172088299025132,-3.0348613262176514,0.1742108166217804,3.0060219764709473,-0.11899200081825256,-0.40298447012901306,-0.278275728225708,0.0,0.0,-1,0.0,0.32296415233686454,139714.267915375
17.9451050098716,59.40811600122886,1.6699999570845987,22.78902846109122,2024-04-10 02:25:09 +0000,1037.0,1038.0,1036.0,35.71257400512695,139714.770388375,0.5259246826171875,-0.2961578369140625,-0.64276123046875,0.75,0.533908819628635,-0.4663621485233307,-0.09170204401016235,0.4506312906742096,0.13968738913536072,-0.4381383955478668,0.8879878520965576,-0.454302042722702,-0.8798279762268066,0.7684667110443115,-1.673701000047026,-0.6558356024714007,0.005996501549514015,0.6738791399575588,0.34019210449522547,0.9790624380111694,1.8418532609939575,-2.1580371856689453,0.14856833219528198,0.07267549633979797,0.13901114463806152,0.0,0.0,-1,0.0,0.4674723709866077,139714.770388375
17.9451050098716,59.40811600122886,1.6699999570845987,22.78902846109122,2024-04-10 02:25:09 +0000,1037.0,1038.0,1036.0,36.21252501010895,139715.26788637502,0.4741973876953125,-0.4373626708984375,-0.76385498046875,0.75,0.3640617067582666,-0.5228299498558044,0.27074649930000305,0.5956050753593445,0.5146303772926331,-0.4039858877658844,0.7562744617462158,-0.28602513670921326,-0.8082977533340454,0.7506292462348938,-1.2270121133836636,-0.49123628955037796,-0.037036700855898386,0.7962421738288111,0.35116043804828984,-1.9936394691467285,-1.974514126777649,4.364495754241943,0.15728110074996948,0.21669092774391174,-0.010265529155731201,0.0,0.0,-1,0.0,0.6380186579255468,139715.26788637502
17.945226798913744,59.408056657356546,1.6699999570845985,21.372951799072325,2024-04-10 02:25:10 +0000,1037.0,1038.0,1036.0,36.71221101284027,139715.765385875,0.0829620361328125,-0.2288818359375,-0.956268310546875,0.75,0.11932777846169891,-0.3529493510723114,0.8737986087799072,0.33494535088539124,0.9356898069381714,-0.01403285562992096,0.35254451632499695,-0.11216847598552704,-0.33451876044273376,0.9355371594429016,-0.38348728928188236,-0.17751675215905383,0.02535533113335494,0.9676034224112896,0.1777315741642904,1.4943807125091553,0.1908278912305832,0.32740518450737,0.10513272881507874,-0.02806203067302704,-0.008447766304016113,0.0,0.0,-1,0.0,0.341547247096722,139715.770360875
